transaction_id,amount,type,status,created_at
transaction_id,amount,type,status,created_at
transaction_id,amount,type,status,created_at
transaction_id,amount,type,status,created_at
transaction_id,amount,type,status,created_at
transaction_id,amount,type,status,created_at
transaction_id,amount,type,status,created_at
transaction_id,amount,type,status,created_at
transaction_id,amount,type,status,created_at
transaction_id,amount,type,status,created_at
transaction_id,amount,type,status,created_at
transaction_id,amount,type,status,created_at
transaction_id,amount,type,status,created_at
transaction_id,amount,type,status,created_at
transaction_id,amount,type,status,created_at
transaction_id,amount,type,status,created_at
